{
  "IcoMoonType": "selection",
  "icons": [
    {
      "icon": {
        "paths": [
          "M384 640l128-64 448-448-64-64-448 448-64 128zM289.3 867.098c-31.632-66.728-65.666-100.762-132.396-132.394l99.096-272.792 128-77.912 384-384h-192l-384 384-192 640 640-192 384-384v-192l-384 384-77.912 128z"
        ],
        "tags": [
          "pencil",
          "write",
          "edit"
        ],
        "defaultCode": 59654,
        "grid": 16,
        "attrs": []
      },
      "attrs": [],
      "properties": {
        "ligatures": "pencil2, write2",
        "name": "pencil2",
        "order": 14,
        "id": 7,
        "prevSize": 32
      },
      "setIdx": 0,
      "setId": 1,
      "iconIdx": 6
    },
    {
      "icon": {
        "paths": [
          "M1024 512c0-282.77-229.23-512-512-512s-512 229.23-512 512 229.23 512 512 512 512-229.23 512-512zM96 512c0-229.75 186.25-416 416-416s416 186.25 416 416-186.25 416-416 416-416-186.25-416-416z",
          "M317.256 354.744l-90.512 90.512 285.256 285.254 285.254-285.256-90.508-90.508-194.746 194.744z"
        ],
        "tags": [
          "circle-down",
          "down",
          "circle-bottom",
          "arrow"
        ],
        "defaultCode": 59971,
        "grid": 16,
        "attrs": []
      },
      "attrs": [],
      "properties": {
        "ligatures": "circle-down, down3",
        "name": "circle-down",
        "order": 13,
        "id": 324,
        "prevSize": 32
      },
      "setIdx": 0,
      "setId": 1,
      "iconIdx": 323
    },
    {
      "icon": {
        "paths": [
          "M608 192h160v-192h-160c-123.514 0-224 100.486-224 224v96h-128v192h128v512h192v-512h160l32-192h-192v-96c0-17.346 14.654-32 32-32z"
        ],
        "tags": [
          "facebook",
          "brand",
          "social"
        ],
        "defaultCode": 60048,
        "grid": 16,
        "attrs": []
      },
      "attrs": [],
      "properties": {
        "ligatures": "facebook, brand10",
        "name": "facebook",
        "order": 4,
        "id": 401,
        "prevSize": 32
      },
      "setIdx": 0,
      "setId": 1,
      "iconIdx": 400
    },
    {
      "icon": {
        "paths": [
          "M1024 226.4c-37.6 16.8-78.2 28-120.6 33 43.4-26 76.6-67.2 92.4-116.2-40.6 24-85.6 41.6-133.4 51-38.4-40.8-93-66.2-153.4-66.2-116 0-210 94-210 210 0 16.4 1.8 32.4 5.4 47.8-174.6-8.8-329.4-92.4-433-219.6-18 31-28.4 67.2-28.4 105.6 0 72.8 37 137.2 93.4 174.8-34.4-1-66.8-10.6-95.2-26.2 0 0.8 0 1.8 0 2.6 0 101.8 72.4 186.8 168.6 206-17.6 4.8-36.2 7.4-55.4 7.4-13.6 0-26.6-1.4-39.6-3.8 26.8 83.4 104.4 144.2 196.2 146-72 56.4-162.4 90-261 90-17 0-33.6-1-50.2-3 93.2 59.8 203.6 94.4 322.2 94.4 386.4 0 597.8-320.2 597.8-597.8 0-9.2-0.2-18.2-0.6-27.2 41-29.4 76.6-66.4 104.8-108.6z"
        ],
        "tags": [
          "twitter",
          "brand",
          "tweet",
          "social"
        ],
        "defaultCode": 60054,
        "grid": 16,
        "attrs": []
      },
      "attrs": [],
      "properties": {
        "ligatures": "twitter, brand16",
        "name": "twitter",
        "order": 10,
        "id": 407,
        "prevSize": 32
      },
      "setIdx": 0,
      "setId": 1,
      "iconIdx": 406
    },
    {
      "icon": {
        "paths": [
          "M425.6 37.4c-1.6-1-3.4-1.8-5-2.6-1.8 0.4-3.4 0.6-5.2 1l10.2 1.6z",
          "M36.8 421c-0.4 1.8-0.6 3.6-0.8 5.2 1 1.6 1.6 3.2 2.6 4.8l-1.8-10z",
          "M986.8 602.6c0.4-1.8 0.6-3.6 1-5.4-1-1.6-1.6-3.2-2.6-4.8l1.6 10.2z",
          "M592 983c1.6 1 3.4 1.8 5 2.6 1.8-0.4 3.6-0.6 5.4-0.8l-10.4-1.8z",
          "M987.8 597.2c-0.4 1.8-0.6 3.6-1 5.4l-1.8-10.4c1 1.8 1.8 3.4 2.8 5 5.2-28.8 8-58.2 8-87.6 0-65.2-12.8-128.6-38-188.2-24.4-57.6-59.2-109.4-103.6-153.8s-96.2-79.2-153.6-103.6c-59.6-25.2-123-38-188.2-38-30.8 0-61.6 2.8-91.6 8.6 0 0-0.2 0-0.2 0 1.6 0.8 3.4 1.6 5 2.6l-10.2-1.6c1.8-0.4 3.4-0.6 5.2-1-41.2-21.8-87.4-33.6-134.2-33.6-76.4 0-148.4 29.8-202.4 83.8s-83.8 126-83.8 202.4c0 48.6 12.6 96.6 36 138.8 0.4-1.8 0.6-3.6 0.8-5.2l1.8 10.2c-1-1.6-1.8-3.2-2.6-4.8-4.8 27.4-7.2 55.4-7.2 83.4 0 65.2 12.8 128.6 38 188.2 24.4 57.6 59.2 109.2 103.6 153.6s96.2 79.2 153.8 103.6c59.6 25.2 123 38 188.2 38 28.4 0 56.8-2.6 84.6-7.6-1.6-1-3.2-1.8-5-2.6l10.4 1.8c-1.8 0.4-3.6 0.6-5.4 0.8 42.8 24.2 91.4 37.2 140.8 37.2 76.4 0 148.4-29.8 202.4-83.8s83.8-126 83.8-202.4c-0.2-48.6-12.8-96.6-36.4-139.2zM514.2 805.8c-171.8 0-248.6-84.4-248.6-147.8 0-32.4 24-55.2 57-55.2 73.6 0 54.4 105.6 191.6 105.6 70.2 0 109-38.2 109-77.2 0-23.4-11.6-49.4-57.8-60.8l-152.8-38.2c-123-30.8-145.4-97.4-145.4-160 0-129.8 122.2-178.6 237-178.6 105.8 0 230.4 58.4 230.4 136.4 0 33.4-29 52.8-62 52.8-62.8 0-51.2-86.8-177.6-86.8-62.8 0-97.4 28.4-97.4 69s49.6 53.6 92.6 63.4l113.2 25.2c123.8 27.6 155.2 100 155.2 168 0 105.4-81 184.2-244.4 184.2z"
        ],
        "tags": [
          "skype",
          "brand",
          "social"
        ],
        "defaultCode": 60101,
        "grid": 16,
        "attrs": []
      },
      "attrs": [],
      "properties": {
        "ligatures": "skype, brand60",
        "name": "skype",
        "order": 11,
        "id": 454,
        "prevSize": 32
      },
      "setIdx": 0,
      "setId": 1,
      "iconIdx": 453
    },
    {
      "icon": {
        "paths": [
          "M928 0h-832c-52.8 0-96 43.2-96 96v832c0 52.8 43.2 96 96 96h832c52.8 0 96-43.2 96-96v-832c0-52.8-43.2-96-96-96zM384 832h-128v-448h128v448zM320 320c-35.4 0-64-28.6-64-64s28.6-64 64-64c35.4 0 64 28.6 64 64s-28.6 64-64 64zM832 832h-128v-256c0-35.4-28.6-64-64-64s-64 28.6-64 64v256h-128v-448h128v79.4c26.4-36.2 66.8-79.4 112-79.4 79.6 0 144 71.6 144 160v288z"
        ],
        "tags": [
          "linkedin",
          "brand",
          "social"
        ],
        "defaultCode": 60105,
        "grid": 16,
        "attrs": []
      },
      "attrs": [],
      "properties": {
        "ligatures": "linkedin, brand64",
        "name": "linkedin",
        "order": 12,
        "id": 458,
        "prevSize": 32
      },
      "setIdx": 0,
      "setId": 1,
      "iconIdx": 457
    }
  ],
  "height": 1024,
  "preferences": {
    "showGlyphs": true,
    "showQuickUse": true,
    "showQuickUse2": true,
    "showSVGs": true,
    "fontPref": {
      "prefix": "icon-",
      "metadata": {
        "fontFamily": "icomoon"
      },
      "metrics": {
        "emSize": 1024,
        "baseline": 6.25,
        "whitespace": 50
      },
      "embed": false
    },
    "imagePref": {
      "prefix": "icon-",
      "png": true,
      "useClassSelector": true,
      "color": 0,
      "bgColor": 16777215,
      "classSelector": ".icon",
      "name": "icomoon"
    },
    "historySize": 50,
    "showCodes": true,
    "gridSize": 16
  }
}